# Домашнее задание к занятию 12.3. «SQL. Часть 1»

### Задание 1

Получите уникальные названия районов из таблицы с адресами, которые начинаются на “K” и заканчиваются на “a” и не содержат пробелов.

```
mysql> SELECT DISTINCT district FROM address WHERE district LIKE 'K%a' AND district NOT LIKE '% %';
+-----------+
| district  |
+-----------+
| Kanagawa  |
| Kalmykia  |
| Kaduna    |
| Karnataka |
| K▒tahya   |
| Kerala    |
| Kitaa     |
+-----------+

```

### Задание 2

Получите из таблицы платежей за прокат фильмов информацию по платежам, которые выполнялись в промежуток с 15 июня 2005 года по 18 июня 2005 года **включительно** и стоимость которых превышает 10.00.

```
mysql> SELECT payment_id, payment_date, amount FROM payment WHERE payment_date BETWEEN '2005-06-15 00:00:00' AND '2005-06-18 23:59:59' AND amount > '10.00';
+------------+---------------------+--------+
| payment_id | payment_date        | amount |
+------------+---------------------+--------+
|        908 | 2005-06-15 09:46:33 |  10.99 |
|       7017 | 2005-06-17 18:09:04 |  10.99 |
|       8272 | 2005-06-17 23:51:21 |  11.99 |
|      12888 | 2005-06-18 08:33:23 |  10.99 |
|      13892 | 2005-06-16 14:52:02 |  10.99 |
|      14620 | 2005-06-15 18:30:46 |  10.99 |
|      15313 | 2005-06-17 04:05:12 |  10.99 |
+------------+---------------------+--------+
7 rows in set (0.01 sec)

```

### Задание 3

Получите последние пять аренд фильмов.

```
mysql> SELECT rental_id, rental_date FROM rental ORDER BY rental_date DESC LIMIT 5;
+-----------+---------------------+
| rental_id | rental_date         |
+-----------+---------------------+
|     11739 | 2006-02-14 15:16:03 |
|     14616 | 2006-02-14 15:16:03 |
|     11676 | 2006-02-14 15:16:03 |
|     15966 | 2006-02-14 15:16:03 |
|     13486 | 2006-02-14 15:16:03 |
+-----------+---------------------+
5 rows in set (0.01 sec)

```

### Задание 4

Одним запросом получите активных покупателей, имена которых Kelly или Willie. 

Сформируйте вывод в результат таким образом:
- все буквы в фамилии и имени из верхнего регистра переведите в нижний регистр,
- замените буквы 'll' в именах на 'pp'.

```
mysql> SELECT LOWER(REPLACE(first_name, 'L', 'P')), LOWER(last_name)  FROM customer WHERE first_name LIKE 'Willie' OR first_name  LIKE 'Kelly';
+--------------------------------------+------------------+
| LOWER(REPLACE(first_name, 'L', 'P')) | LOWER(last_name) |
+--------------------------------------+------------------+
| keppy                                | torres           |
| wippie                               | howell           |
| wippie                               | markham          |
| keppy                                | knott            |
+--------------------------------------+------------------+
4 rows in set (0.00 sec)

```



## Дополнительные задания (со звёздочкой*)
Эти задания дополнительные, то есть не обязательные к выполнению, и никак не повлияют на получение вами зачёта по этому домашнему заданию. Вы можете их выполнить, если хотите глубже шире разобраться в материале.

### Задание 5*

Выведите Email каждого покупателя, разделив значение Email на две отдельных колонки: в первой колонке должно быть значение, указанное до @, во второй — значение, указанное после @.

### Задание 6*

Доработайте запрос из предыдущего задания, скорректируйте значения в новых колонках: первая буква должна быть заглавной, остальные — строчными.
